rank,title,url,snippet
1,딸기 오모리 농장 ｜ 安来市観光ガイド,https://yasugi-kankou.com/ko/spot/%EB%94%B8%EA%B8%B0-%EC%98%A4%EB%AA%A8%EB%A6%AC-%EB%86%8D%EC%9E%A5/,딸기 오모리 농장. 印刷する. 정보. 주소. 〒692-0017 야스기시 시모 사카타 쵸 저택 331-1. 전화번호. 아래의 HP에 있는 문의 양식에서 문의하십시오. 영업시간. 10:00~17 ...
2,대청딸기농장 (@daecheongstrawberry) • Instagram photos and ...,https://www.instagram.com/daecheongstrawberry/,모두가 좋아하는 새콤달콤한 딸기를 바로 수확하여 최상의 품질로 여러분께 맛보여드립니다. 농장대표 : 송두영 소재지 : 대전광역시 대덕구 미호동 85번지 H.P : 010-5154 ...
3,시즈오카의 은혜 딸기 & 시라스오 즐긴다! 겨울~봄의 구노 가도 드라이브,https://openwifi.jp.k.aae.hp.transer.com/shizuoka/article/67?locale=ko,"... 가도(국도 150호)는, 딸기 재배 농가나 딸기 따기 원이 처마를 나란히 하는 것으로부터 “딸기 가이간도리”라고 불린다 ... □HP/http://www.city.shizuoka.jp ..."
4,アクティビティ(韓国) – 三田市多言語対応HP,https://inbound.sanda-kankou.jp/ko/activities-ko/,"딸기농장체험. 겨울부터 봄까지 즐길 수 있는 딸기농장체험. 각 농원에는 여러가지 특징이 있습니다.물론 딸기의종류도 각양각색, 딸기농장체험은 효고에서 탄생한 베니 ..."
5,샘물딸기농장,http://www.sammul.kr/,달콤한 향이 가득한 샘물딸기농장으로 딸기 따러 오세요. 샘물농장은 맛있는 딸기재배 ... H.P : 010-3005-8621. Email : youngnam8621@naver.com. Copyright c 2017 샘물 ...
6,"함평군, 논산시 딸기 육묘 선도농가 방문 < 농림/환경 < 전체기사 ...",http://hptimes.kr/news/articleView.html?idxno=7798,"2019. 7. 9. ... 함평군 농업기술센터(소장 이향만)는 9일 군 농업대학 교육생 40여 명과 함께 충남 논산시를 방문, 딸기육묘현장 선진지 견학을 실시했다."
7,전용기 타고와서 모셔간다…없어서 못 판다는 이 과일 | 한국경제,https://www.hankyung.com/article/202201282342g,2022. 1. 31. ... 현재 국내에서 판매되는 국산 딸기 품종 18개 중 점유율 1위(84.5%)는 충남농업기술원 딸기연구소가 2005년 개발한 '설향'이다. 흰가루병에 강하고 ...
8,경북 칠곡군 약목 딸기 농장 방문기를 알려드립니다! : 네이버 블로그,https://m.blog.naver.com/chilgok6043/222679837722,2022. 3. 22. ... 우리 지역에서도 딸기로 유명한 곳이 있는데요. 경북 칠곡군 약목면 덕산리에는. 칠곡군 대표하는 딸기 농장들이 모여 있어요. 오늘은 그 중 ...
9,서울근교 딸기체험 농장 양주시 정석농원 ^^ : 네이버 블로그,https://blog.naver.com/yangju619/220662512650?viewType=pc,2016. 3. 22. ... 양주시 딸기체험농장에서 상콤달콤한 하루를~!♬. ​(서울근교 딸기체험은 양주로 오세요!) ​. ​. ​. ​. ​. 양주시의 귀염둥이 말뚜기는 요즘!
10,"아이들과 봄나들이, 오감만족 논산딸기 농장체험 : 네이버 블로그",https://m.blog.naver.com/sinmunman/221486787034,2019. 3. 14. ... 논산에는 많은 딸기 농가에서 딸기 따기 체험을 할 수 있는데요. 논산 대표의 딸기체험농가 효자딸기와 이루리농장을 다녀왔습니다. △ 논산 딸기 ...
